{ "indexes" : [ { "v" : 1, "key" : { "_id" : 1 }, "name" : "_id_", "ns" : "BIOVERSITY._edges" }, { "v" : 1, "key" : { "_fts" : "text", "_ftsx" : 1 }, "name" : "enum_text", "ns" : "BIOVERSITY._edges", "weights" : { "enum" : 1 }, "default_language" : "english", "language_override" : "language", "textIndexVersion" : 2 }, { "v" : 1, "key" : { "23" : 1 }, "name" : "MASTER", "ns" : "BIOVERSITY._edges", "sparse" : true }, { "v" : 1, "key" : { "47" : 1 }, "name" : "TAGS", "ns" : "BIOVERSITY._edges" }, { "v" : 1, "key" : { "48" : 1 }, "name" : "OFFSETS", "ns" : "BIOVERSITY._edges" }, { "v" : 1, "key" : { "37" : 1 }, "name" : "TAG-REFS", "ns" : "BIOVERSITY._edges", "sparse" : true }, { "v" : 1, "key" : { "38" : 1 }, "name" : "TERM-REFS", "ns" : "BIOVERSITY._edges", "sparse" : true }, { "v" : 1, "key" : { "39" : 1 }, "name" : "NODE-REFS", "ns" : "BIOVERSITY._edges", "sparse" : true }, { "v" : 1, "key" : { "40" : 1 }, "name" : "EDGE-REFS", "ns" : "BIOVERSITY._edges", "sparse" : true }, { "v" : 1, "key" : { "35" : 1 }, "name" : "UNIT-REFS", "ns" : "BIOVERSITY._edges", "sparse" : true }, { "v" : 1, "key" : { "36" : 1 }, "name" : "ENTITY-REFS", "ns" : "BIOVERSITY._edges", "sparse" : true }, { "v" : 1, "key" : { "6" : 1 }, "name" : "GRAPH", "ns" : "BIOVERSITY._edges" }, { "v" : 1, "key" : { "17" : 1 }, "name" : "SUBJECT", "ns" : "BIOVERSITY._edges" }, { "v" : 1, "key" : { "18" : 1 }, "name" : "SUBJECT-VERTEX", "ns" : "BIOVERSITY._edges" }, { "v" : 1, "key" : { "19" : 1 }, "name" : "PREDICATE", "ns" : "BIOVERSITY._edges" }, { "v" : 1, "key" : { "20" : 1 }, "name" : "OBJECT", "ns" : "BIOVERSITY._edges" }, { "v" : 1, "key" : { "21" : 1 }, "name" : "OBJECT-VERTEX", "ns" : "BIOVERSITY._edges" } ] }