{ "indexes" : [ { "v" : 1, "key" : { "_id" : 1 }, "name" : "_id_", "ns" : "BIOVERSITY._nodes" }, { "v" : 1, "key" : { "_fts" : "text", "_ftsx" : 1 }, "name" : "enum_text", "ns" : "BIOVERSITY._nodes", "weights" : { "enum" : 1 }, "default_language" : "english", "language_override" : "language", "textIndexVersion" : 2 }, { "v" : 1, "key" : { "23" : { "$numberLong" : "1" } }, "name" : "MASTER", "ns" : "BIOVERSITY._nodes", "sparse" : true }, { "v" : 1, "key" : { "47" : { "$numberLong" : "1" } }, "name" : "TAGS", "ns" : "BIOVERSITY._nodes" }, { "v" : 1, "key" : { "48" : { "$numberLong" : "1" } }, "name" : "OFFSETS", "ns" : "BIOVERSITY._nodes" }, { "v" : 1, "key" : { "37" : { "$numberLong" : "1" } }, "name" : "TAG-REFS", "ns" : "BIOVERSITY._nodes", "sparse" : true }, { "v" : 1, "key" : { "38" : { "$numberLong" : "1" } }, "name" : "TERM-REFS", "ns" : "BIOVERSITY._nodes", "sparse" : true }, { "v" : 1, "key" : { "39" : { "$numberLong" : "1" } }, "name" : "NODE-REFS", "ns" : "BIOVERSITY._nodes", "sparse" : true }, { "v" : 1, "key" : { "40" : { "$numberLong" : "1" } }, "name" : "EDGE-REFS", "ns" : "BIOVERSITY._nodes", "sparse" : true }, { "v" : 1, "key" : { "35" : { "$numberLong" : "1" } }, "name" : "UNIT-REFS", "ns" : "BIOVERSITY._nodes", "sparse" : true }, { "v" : 1, "key" : { "36" : { "$numberLong" : "1" } }, "name" : "ENTITY-REFS", "ns" : "BIOVERSITY._nodes", "sparse" : true }, { "v" : 1, "unique" : true, "key" : { "3" : { "$numberLong" : "1" } }, "name" : "PID", "ns" : "BIOVERSITY._nodes", "sparse" : true }, { "v" : 1, "key" : { "6" : { "$numberLong" : "1" } }, "name" : "GRAPH", "ns" : "BIOVERSITY._nodes" }, { "v" : 1, "key" : { "13" : { "$numberLong" : "1" } }, "name" : "TAG", "ns" : "BIOVERSITY._nodes", "sparse" : true }, { "v" : 1, "key" : { "15" : { "$numberLong" : "1" } }, "name" : "TERM", "ns" : "BIOVERSITY._nodes", "sparse" : true }, { "v" : 1, "key" : { "28" : { "$numberLong" : "1" } }, "name" : "TYPE", "ns" : "BIOVERSITY._nodes", "sparse" : true } ] }