{ "indexes" : [ { "v" : 1, "key" : { "_id" : 1 }, "name" : "_id_", "ns" : "BIOVERSITY._tags" }, { "v" : 1, "key" : { "_fts" : "text", "_ftsx" : 1 }, "name" : "enum_text", "ns" : "BIOVERSITY._tags", "weights" : { "enum" : 1 }, "default_language" : "english", "language_override" : "language", "textIndexVersion" : 2 }, { "v" : 1, "key" : { "23" : { "$numberLong" : "1" } }, "name" : "MASTER", "ns" : "BIOVERSITY._tags", "sparse" : true }, { "v" : 1, "key" : { "47" : { "$numberLong" : "1" } }, "name" : "TAGS", "ns" : "BIOVERSITY._tags" }, { "v" : 1, "key" : { "48" : { "$numberLong" : "1" } }, "name" : "OFFSETS", "ns" : "BIOVERSITY._tags" }, { "v" : 1, "key" : { "37" : { "$numberLong" : "1" } }, "name" : "TAG-REFS", "ns" : "BIOVERSITY._tags", "sparse" : true }, { "v" : 1, "key" : { "38" : { "$numberLong" : "1" } }, "name" : "TERM-REFS", "ns" : "BIOVERSITY._tags", "sparse" : true }, { "v" : 1, "key" : { "39" : { "$numberLong" : "1" } }, "name" : "NODE-REFS", "ns" : "BIOVERSITY._tags", "sparse" : true }, { "v" : 1, "key" : { "40" : { "$numberLong" : "1" } }, "name" : "EDGE-REFS", "ns" : "BIOVERSITY._tags", "sparse" : true }, { "v" : 1, "key" : { "35" : { "$numberLong" : "1" } }, "name" : "UNIT-REFS", "ns" : "BIOVERSITY._tags", "sparse" : true }, { "v" : 1, "key" : { "36" : { "$numberLong" : "1" } }, "name" : "ENTITY-REFS", "ns" : "BIOVERSITY._tags", "sparse" : true }, { "v" : 1, "unique" : true, "key" : { "5" : { "$numberLong" : "1" } }, "name" : "SEQUENCE", "ns" : "BIOVERSITY._tags" }, { "v" : 1, "key" : { "6" : { "$numberLong" : "1" } }, "name" : "GRAPH", "ns" : "BIOVERSITY._tags" }, { "v" : 1, "key" : { "16" : { "$numberLong" : "1" } }, "name" : "PATH", "ns" : "BIOVERSITY._tags" }, { "v" : 1, "key" : { "30" : { "$numberLong" : "1" } }, "name" : "LABEL", "ns" : "BIOVERSITY._tags" }, { "v" : 1, "key" : { "52" : { "$numberLong" : "1" } }, "name" : "MINIMUM_VALUE", "ns" : "BIOVERSITY._tags", "sparse" : true }, { "v" : 1, "key" : { "54" : { "$numberLong" : "1" } }, "name" : "MAXIMUM_VALUE", "ns" : "BIOVERSITY._tags", "sparse" : true } ] }