{ "indexes" : [ { "v" : 1, "key" : { "_id" : 1 }, "name" : "_id_", "ns" : "BIOVERSITY._terms" }, { "v" : 1, "key" : { "_fts" : "text", "_ftsx" : 1 }, "name" : "FULL_TEXT", "ns" : "BIOVERSITY._terms", "weights" : { "text-03" : 3, "text-06" : 6, "text-10" : 10 }, "default_language" : "english", "language_override" : "language", "textIndexVersion" : 2 }, { "v" : 1, "key" : { "23" : 1 }, "name" : "MASTER", "ns" : "BIOVERSITY._terms", "sparse" : true }, { "v" : 1, "key" : { "47" : 1 }, "name" : "TAGS", "ns" : "BIOVERSITY._terms" }, { "v" : 1, "key" : { "37" : 1 }, "name" : "TAG-REFS", "ns" : "BIOVERSITY._terms", "sparse" : true }, { "v" : 1, "key" : { "38" : 1 }, "name" : "TERM-REFS", "ns" : "BIOVERSITY._terms", "sparse" : true }, { "v" : 1, "key" : { "39" : 1 }, "name" : "NODE-REFS", "ns" : "BIOVERSITY._terms", "sparse" : true }, { "v" : 1, "key" : { "40" : 1 }, "name" : "EDGE-REFS", "ns" : "BIOVERSITY._terms", "sparse" : true }, { "v" : 1, "key" : { "35" : 1 }, "name" : "UNIT-REFS", "ns" : "BIOVERSITY._terms", "sparse" : true }, { "v" : 1, "key" : { "36" : 1 }, "name" : "ENTITY-REFS", "ns" : "BIOVERSITY._terms", "sparse" : true }, { "v" : 1, "key" : { "48" : 1 }, "name" : "OFFSETS", "ns" : "BIOVERSITY._terms" }, { "v" : 1, "key" : { "2" : 1 }, "name" : "LID", "ns" : "BIOVERSITY._terms" }, { "v" : 1, "key" : { "1" : 1 }, "name" : "NAMESPACE", "ns" : "BIOVERSITY._terms", "sparse" : true }, { "v" : 1, "key" : { "6" : 1 }, "name" : "GRAPH", "ns" : "BIOVERSITY._terms", "sparse" : true }, { "v" : 1, "key" : { "30" : 1 }, "name" : "LABEL", "ns" : "BIOVERSITY._terms", "sparse" : true } ] }