{ "indexes" : [ { "v" : 1, "key" : { "_id" : 1 }, "name" : "_id_", "ns" : "BIOVERSITY._units" }, { "v" : 1, "key" : { "_fts" : "text", "_ftsx" : 1 }, "name" : "FULL_TEXT", "ns" : "BIOVERSITY._units", "weights" : { "text-03" : 3, "text-06" : 6, "text-10" : 10 }, "default_language" : "english", "language_override" : "language", "textIndexVersion" : 2 }, { "v" : 1, "key" : { "23" : 1 }, "name" : "MASTER", "ns" : "BIOVERSITY._units", "sparse" : true }, { "v" : 1, "key" : { "47" : 1 }, "name" : "TAGS", "ns" : "BIOVERSITY._units" }, { "v" : 1, "key" : { "37" : 1 }, "name" : "TAG-REFS", "ns" : "BIOVERSITY._units", "sparse" : true }, { "v" : 1, "key" : { "38" : 1 }, "name" : "TERM-REFS", "ns" : "BIOVERSITY._units", "sparse" : true }, { "v" : 1, "key" : { "39" : 1 }, "name" : "NODE-REFS", "ns" : "BIOVERSITY._units", "sparse" : true }, { "v" : 1, "key" : { "40" : 1 }, "name" : "EDGE-REFS", "ns" : "BIOVERSITY._units", "sparse" : true }, { "v" : 1, "key" : { "35" : 1 }, "name" : "UNIT-REFS", "ns" : "BIOVERSITY._units", "sparse" : true }, { "v" : 1, "key" : { "36" : 1 }, "name" : "ENTITY-REFS", "ns" : "BIOVERSITY._units", "sparse" : true }, { "v" : 1, "key" : { "7" : 1 }, "name" : "DOMAIN", "ns" : "BIOVERSITY._units" }, { "v" : 1, "key" : { "8" : 1 }, "name" : "AUTHORITY", "ns" : "BIOVERSITY._units" }, { "v" : 1, "key" : { "9" : 1 }, "name" : "COLLECTION", "ns" : "BIOVERSITY._units", "sparse" : true }, { "v" : 1, "key" : { "10" : 1 }, "name" : "LID", "ns" : "BIOVERSITY._units" }, { "v" : 1, "key" : { "11" : 1 }, "name" : "VERSION", "ns" : "BIOVERSITY._units", "sparse" : true }, { "v" : 1, "key" : { "6" : 1 }, "name" : "GRAPH", "ns" : "BIOVERSITY._units" }, { "v" : 1, "key" : { "57" : "2dsphere" }, "name" : "SHAPE", "ns" : "BIOVERSITY._units", "sparse" : true, "2dsphereIndexVersion" : 2 }, { "v" : 1, "key" : { "29" : 1 }, "name" : "NAME", "ns" : "BIOVERSITY._units" }, { "v" : 1, "key" : { "71" : 1 }, "name" : "TYPE", "ns" : "BIOVERSITY._units", "sparse" : true }, { "v" : 1, "key" : { "72" : 1 }, "name" : "KIND", "ns" : "BIOVERSITY._units", "sparse" : true }, { "v" : 1, "key" : { "80" : 1 }, "name" : "NATIONALITY", "ns" : "BIOVERSITY._units", "sparse" : true }, { "v" : 1, "key" : { "79" : 1 }, "name" : "AFFILIATION", "ns" : "BIOVERSITY._units", "sparse" : true }, { "v" : 1, "key" : { "81" : 1 }, "name" : "VALID", "ns" : "BIOVERSITY._units", "sparse" : true }, { "v" : 1, "key" : { "69" : 1 }, "name" : "FIRST_NAME", "ns" : "BIOVERSITY._units", "sparse" : true }, { "v" : 1, "key" : { "70" : 1 }, "name" : "LAST_NAME", "ns" : "BIOVERSITY._units", "sparse" : true }, { "v" : 1, "key" : { "73" : 1 }, "name" : "ACRONYM", "ns" : "BIOVERSITY._units", "sparse" : true } ] }