{ "indexes" : [ { "key" : { "_id" : 1 }, "unique" : true, "ns" : "PGRDG._edges", "name" : "_id_", "clustering" : true }, { "key" : { "23" : 1 }, "ns" : "PGRDG._edges", "name" : "MASTER", "sparse" : true }, { "key" : { "47" : 1 }, "ns" : "PGRDG._edges", "name" : "TAGS" }, { "key" : { "48" : 1 }, "ns" : "PGRDG._edges", "name" : "OFFSETS" }, { "key" : { "37" : 1 }, "ns" : "PGRDG._edges", "name" : "TAG-REFS", "sparse" : true }, { "key" : { "38" : 1 }, "ns" : "PGRDG._edges", "name" : "TERM-REFS", "sparse" : true }, { "key" : { "39" : 1 }, "ns" : "PGRDG._edges", "name" : "NODE-REFS", "sparse" : true }, { "key" : { "40" : 1 }, "ns" : "PGRDG._edges", "name" : "EDGE-REFS", "sparse" : true }, { "key" : { "35" : 1 }, "ns" : "PGRDG._edges", "name" : "UNIT-REFS", "sparse" : true }, { "key" : { "36" : 1 }, "ns" : "PGRDG._edges", "name" : "ENTITY-REFS", "sparse" : true }, { "key" : { "6" : 1 }, "ns" : "PGRDG._edges", "name" : "GRAPH" }, { "key" : { "17" : 1 }, "ns" : "PGRDG._edges", "name" : "SUBJECT" }, { "key" : { "18" : 1 }, "ns" : "PGRDG._edges", "name" : "SUBJECT-VERTEX" }, { "key" : { "19" : 1 }, "ns" : "PGRDG._edges", "name" : "PREDICATE" }, { "key" : { "20" : 1 }, "ns" : "PGRDG._edges", "name" : "OBJECT" }, { "key" : { "21" : 1 }, "ns" : "PGRDG._edges", "name" : "OBJECT-VERTEX" } ] }