{ "indexes" : [ { "v" : 1, "key" : { "_id" : 1 }, "name" : "_id_", "ns" : "PGRDG._edges" }, { "v" : 1, "key" : { "23" : { "$numberLong" : "1" } }, "name" : "MASTER", "ns" : "PGRDG._edges", "sparse" : true }, { "v" : 1, "key" : { "47" : { "$numberLong" : "1" } }, "name" : "TAGS", "ns" : "PGRDG._edges" }, { "v" : 1, "key" : { "48" : { "$numberLong" : "1" } }, "name" : "OFFSETS", "ns" : "PGRDG._edges" }, { "v" : 1, "key" : { "37" : { "$numberLong" : "1" } }, "name" : "TAG-REFS", "ns" : "PGRDG._edges", "sparse" : true }, { "v" : 1, "key" : { "38" : { "$numberLong" : "1" } }, "name" : "TERM-REFS", "ns" : "PGRDG._edges", "sparse" : true }, { "v" : 1, "key" : { "39" : { "$numberLong" : "1" } }, "name" : "NODE-REFS", "ns" : "PGRDG._edges", "sparse" : true }, { "v" : 1, "key" : { "40" : { "$numberLong" : "1" } }, "name" : "EDGE-REFS", "ns" : "PGRDG._edges", "sparse" : true }, { "v" : 1, "key" : { "35" : { "$numberLong" : "1" } }, "name" : "UNIT-REFS", "ns" : "PGRDG._edges", "sparse" : true }, { "v" : 1, "key" : { "36" : { "$numberLong" : "1" } }, "name" : "ENTITY-REFS", "ns" : "PGRDG._edges", "sparse" : true }, { "v" : 1, "key" : { "6" : { "$numberLong" : "1" } }, "name" : "GRAPH", "ns" : "PGRDG._edges" }, { "v" : 1, "key" : { "17" : { "$numberLong" : "1" } }, "name" : "SUBJECT", "ns" : "PGRDG._edges" }, { "v" : 1, "key" : { "18" : { "$numberLong" : "1" } }, "name" : "SUBJECT-VERTEX", "ns" : "PGRDG._edges" }, { "v" : 1, "key" : { "19" : { "$numberLong" : "1" } }, "name" : "PREDICATE", "ns" : "PGRDG._edges" }, { "v" : 1, "key" : { "20" : { "$numberLong" : "1" } }, "name" : "OBJECT", "ns" : "PGRDG._edges" }, { "v" : 1, "key" : { "21" : { "$numberLong" : "1" } }, "name" : "OBJECT-VERTEX", "ns" : "PGRDG._edges" } ] }