{ "indexes" : [ { "v" : 1, "key" : { "_id" : 1 }, "name" : "_id_", "ns" : "PGRDG._entities" }, { "v" : 1, "key" : { "23" : { "$numberLong" : "1" } }, "name" : "MASTER", "ns" : "PGRDG._entities", "sparse" : true }, { "v" : 1, "key" : { "46" : { "$numberLong" : "1" } }, "name" : "TAGS", "ns" : "PGRDG._entities" }, { "v" : 1, "key" : { "47" : { "$numberLong" : "1" } }, "name" : "OFFSETS", "ns" : "PGRDG._entities" }, { "v" : 1, "key" : { "36" : { "$numberLong" : "1" } }, "name" : "TAG-REFS", "ns" : "PGRDG._entities", "sparse" : true }, { "v" : 1, "key" : { "37" : { "$numberLong" : "1" } }, "name" : "TERM-REFS", "ns" : "PGRDG._entities", "sparse" : true }, { "v" : 1, "key" : { "38" : { "$numberLong" : "1" } }, "name" : "NODE-REFS", "ns" : "PGRDG._entities", "sparse" : true }, { "v" : 1, "key" : { "39" : { "$numberLong" : "1" } }, "name" : "EDGE-REFS", "ns" : "PGRDG._entities", "sparse" : true }, { "v" : 1, "key" : { "34" : { "$numberLong" : "1" } }, "name" : "UNIT-REFS", "ns" : "PGRDG._entities", "sparse" : true }, { "v" : 1, "key" : { "35" : { "$numberLong" : "1" } }, "name" : "ENTITY-REFS", "ns" : "PGRDG._entities", "sparse" : true }, { "v" : 1, "key" : { "7" : { "$numberLong" : "1" } }, "name" : "DOMAIN", "ns" : "PGRDG._entities" }, { "v" : 1, "key" : { "8" : { "$numberLong" : "1" } }, "name" : "AUTHORITY", "ns" : "PGRDG._entities" }, { "v" : 1, "key" : { "9" : { "$numberLong" : "1" } }, "name" : "COLLECTION", "ns" : "PGRDG._entities", "sparse" : true }, { "v" : 1, "key" : { "10" : { "$numberLong" : "1" } }, "name" : "LID", "ns" : "PGRDG._entities" }, { "v" : 1, "key" : { "11" : { "$numberLong" : "1" } }, "name" : "VERSION", "ns" : "PGRDG._entities", "sparse" : true }, { "v" : 1, "key" : { "6" : { "$numberLong" : "1" } }, "name" : "GRAPH", "ns" : "PGRDG._entities" }, { "v" : 1, "key" : { "29" : { "$numberLong" : "1" } }, "name" : "NAME", "ns" : "PGRDG._entities" }, { "v" : 1, "key" : { "70" : { "$numberLong" : "1" } }, "name" : "TYPE", "ns" : "PGRDG._entities", "sparse" : true }, { "v" : 1, "key" : { "71" : { "$numberLong" : "1" } }, "name" : "KIND", "ns" : "PGRDG._entities", "sparse" : true }, { "v" : 1, "key" : { "79" : { "$numberLong" : "1" } }, "name" : "COUNTRY", "ns" : "PGRDG._entities", "sparse" : true }, { "v" : 1, "key" : { "78" : { "$numberLong" : "1" } }, "name" : "AFFILIATION", "ns" : "PGRDG._entities", "sparse" : true }, { "v" : 1, "key" : { "80" : { "$numberLong" : "1" } }, "name" : "VALID", "ns" : "PGRDG._entities", "sparse" : true }, { "v" : 1, "key" : { "68" : { "$numberLong" : "1" } }, "name" : "FIRST_NAME", "ns" : "PGRDG._entities", "sparse" : true }, { "v" : 1, "key" : { "69" : { "$numberLong" : "1" } }, "name" : "LAST_NAME", "ns" : "PGRDG._entities", "sparse" : true }, { "v" : 1, "key" : { "72" : { "$numberLong" : "1" } }, "name" : "ACRONYM", "ns" : "PGRDG._entities", "sparse" : true } ] }