{ "indexes" : [ { "key" : { "_id" : 1 }, "unique" : true, "ns" : "PGRDG._nodes", "name" : "_id_", "clustering" : true }, { "key" : { "23" : 1 }, "ns" : "PGRDG._nodes", "name" : "MASTER", "sparse" : true }, { "key" : { "47" : 1 }, "ns" : "PGRDG._nodes", "name" : "TAGS" }, { "key" : { "48" : 1 }, "ns" : "PGRDG._nodes", "name" : "OFFSETS" }, { "key" : { "37" : 1 }, "ns" : "PGRDG._nodes", "name" : "TAG-REFS", "sparse" : true }, { "key" : { "38" : 1 }, "ns" : "PGRDG._nodes", "name" : "TERM-REFS", "sparse" : true }, { "key" : { "39" : 1 }, "ns" : "PGRDG._nodes", "name" : "NODE-REFS", "sparse" : true }, { "key" : { "40" : 1 }, "ns" : "PGRDG._nodes", "name" : "EDGE-REFS", "sparse" : true }, { "key" : { "35" : 1 }, "ns" : "PGRDG._nodes", "name" : "UNIT-REFS", "sparse" : true }, { "key" : { "36" : 1 }, "ns" : "PGRDG._nodes", "name" : "ENTITY-REFS", "sparse" : true }, { "key" : { "3" : 1 }, "unique" : true, "ns" : "PGRDG._nodes", "name" : "PID", "sparse" : true }, { "key" : { "6" : 1 }, "ns" : "PGRDG._nodes", "name" : "GRAPH" }, { "key" : { "13" : 1 }, "ns" : "PGRDG._nodes", "name" : "TAG", "sparse" : true }, { "key" : { "15" : 1 }, "ns" : "PGRDG._nodes", "name" : "TERM", "sparse" : true }, { "key" : { "28" : 1 }, "ns" : "PGRDG._nodes", "name" : "TYPE", "sparse" : true } ] }