{ "indexes" : [ { "v" : 1, "key" : { "_id" : 1 }, "name" : "_id_", "ns" : "PGRDG._tags" }, { "v" : 1, "key" : { "23" : { "$numberLong" : "1" } }, "name" : "MASTER", "ns" : "PGRDG._tags", "sparse" : true }, { "v" : 1, "key" : { "47" : { "$numberLong" : "1" } }, "name" : "TAGS", "ns" : "PGRDG._tags" }, { "v" : 1, "key" : { "48" : { "$numberLong" : "1" } }, "name" : "OFFSETS", "ns" : "PGRDG._tags" }, { "v" : 1, "key" : { "37" : { "$numberLong" : "1" } }, "name" : "TAG-REFS", "ns" : "PGRDG._tags", "sparse" : true }, { "v" : 1, "key" : { "38" : { "$numberLong" : "1" } }, "name" : "TERM-REFS", "ns" : "PGRDG._tags", "sparse" : true }, { "v" : 1, "key" : { "39" : { "$numberLong" : "1" } }, "name" : "NODE-REFS", "ns" : "PGRDG._tags", "sparse" : true }, { "v" : 1, "key" : { "40" : { "$numberLong" : "1" } }, "name" : "EDGE-REFS", "ns" : "PGRDG._tags", "sparse" : true }, { "v" : 1, "key" : { "35" : { "$numberLong" : "1" } }, "name" : "UNIT-REFS", "ns" : "PGRDG._tags", "sparse" : true }, { "v" : 1, "key" : { "36" : { "$numberLong" : "1" } }, "name" : "ENTITY-REFS", "ns" : "PGRDG._tags", "sparse" : true }, { "v" : 1, "unique" : true, "key" : { "5" : { "$numberLong" : "1" } }, "name" : "SEQUENCE", "ns" : "PGRDG._tags" }, { "v" : 1, "key" : { "6" : { "$numberLong" : "1" } }, "name" : "GRAPH", "ns" : "PGRDG._tags" }, { "v" : 1, "key" : { "16" : { "$numberLong" : "1" } }, "name" : "PATH", "ns" : "PGRDG._tags" }, { "v" : 1, "key" : { "30" : { "$numberLong" : "1" } }, "name" : "LABEL", "ns" : "PGRDG._tags" } ] }