{ "indexes" : [ { "key" : { "_id" : 1 }, "unique" : true, "ns" : "PGRDG._tags", "name" : "_id_", "clustering" : true }, { "key" : { "23" : 1 }, "ns" : "PGRDG._tags", "name" : "MASTER", "sparse" : true }, { "key" : { "47" : 1 }, "ns" : "PGRDG._tags", "name" : "TAGS" }, { "key" : { "48" : 1 }, "ns" : "PGRDG._tags", "name" : "OFFSETS" }, { "key" : { "37" : 1 }, "ns" : "PGRDG._tags", "name" : "TAG-REFS", "sparse" : true }, { "key" : { "38" : 1 }, "ns" : "PGRDG._tags", "name" : "TERM-REFS", "sparse" : true }, { "key" : { "39" : 1 }, "ns" : "PGRDG._tags", "name" : "NODE-REFS", "sparse" : true }, { "key" : { "40" : 1 }, "ns" : "PGRDG._tags", "name" : "EDGE-REFS", "sparse" : true }, { "key" : { "35" : 1 }, "ns" : "PGRDG._tags", "name" : "UNIT-REFS", "sparse" : true }, { "key" : { "36" : 1 }, "ns" : "PGRDG._tags", "name" : "ENTITY-REFS", "sparse" : true }, { "key" : { "5" : 1 }, "unique" : true, "ns" : "PGRDG._tags", "name" : "SEQUENCE" }, { "key" : { "6" : 1 }, "ns" : "PGRDG._tags", "name" : "GRAPH" }, { "key" : { "16" : 1 }, "ns" : "PGRDG._tags", "name" : "PATH" }, { "key" : { "30" : 1 }, "ns" : "PGRDG._tags", "name" : "LABEL" } ] }