{ "indexes" : [ { "v" : 1, "key" : { "_id" : 1 }, "name" : "_id_", "ns" : "PGRDG._terms" }, { "v" : 1, "key" : { "23" : { "$numberLong" : "1" } }, "name" : "MASTER", "ns" : "PGRDG._terms", "sparse" : true }, { "v" : 1, "key" : { "46" : { "$numberLong" : "1" } }, "name" : "TAGS", "ns" : "PGRDG._terms" }, { "v" : 1, "key" : { "47" : { "$numberLong" : "1" } }, "name" : "OFFSETS", "ns" : "PGRDG._terms" }, { "v" : 1, "key" : { "36" : { "$numberLong" : "1" } }, "name" : "TAG-REFS", "ns" : "PGRDG._terms", "sparse" : true }, { "v" : 1, "key" : { "37" : { "$numberLong" : "1" } }, "name" : "TERM-REFS", "ns" : "PGRDG._terms", "sparse" : true }, { "v" : 1, "key" : { "38" : { "$numberLong" : "1" } }, "name" : "NODE-REFS", "ns" : "PGRDG._terms", "sparse" : true }, { "v" : 1, "key" : { "39" : { "$numberLong" : "1" } }, "name" : "EDGE-REFS", "ns" : "PGRDG._terms", "sparse" : true }, { "v" : 1, "key" : { "34" : { "$numberLong" : "1" } }, "name" : "UNIT-REFS", "ns" : "PGRDG._terms", "sparse" : true }, { "v" : 1, "key" : { "35" : { "$numberLong" : "1" } }, "name" : "ENTITY-REFS", "ns" : "PGRDG._terms", "sparse" : true }, { "v" : 1, "key" : { "2" : { "$numberLong" : "1" } }, "name" : "LID", "ns" : "PGRDG._terms" }, { "v" : 1, "key" : { "1" : { "$numberLong" : "1" } }, "name" : "NAMESPACE", "ns" : "PGRDG._terms", "sparse" : true }, { "v" : 1, "key" : { "6" : { "$numberLong" : "1" } }, "name" : "GRAPH", "ns" : "PGRDG._terms", "sparse" : true }, { "v" : 1, "key" : { "30" : { "$numberLong" : "1" } }, "name" : "LABEL", "ns" : "PGRDG._terms", "sparse" : true } ] }