{ "indexes" : [ { "key" : { "_id" : 1 }, "unique" : true, "ns" : "PGRDG._terms", "name" : "_id_", "clustering" : true }, { "key" : { "23" : 1 }, "ns" : "PGRDG._terms", "name" : "MASTER", "sparse" : true }, { "key" : { "47" : 1 }, "ns" : "PGRDG._terms", "name" : "TAGS" }, { "key" : { "48" : 1 }, "ns" : "PGRDG._terms", "name" : "OFFSETS" }, { "key" : { "37" : 1 }, "ns" : "PGRDG._terms", "name" : "TAG-REFS", "sparse" : true }, { "key" : { "38" : 1 }, "ns" : "PGRDG._terms", "name" : "TERM-REFS", "sparse" : true }, { "key" : { "39" : 1 }, "ns" : "PGRDG._terms", "name" : "NODE-REFS", "sparse" : true }, { "key" : { "40" : 1 }, "ns" : "PGRDG._terms", "name" : "EDGE-REFS", "sparse" : true }, { "key" : { "35" : 1 }, "ns" : "PGRDG._terms", "name" : "UNIT-REFS", "sparse" : true }, { "key" : { "36" : 1 }, "ns" : "PGRDG._terms", "name" : "ENTITY-REFS", "sparse" : true }, { "key" : { "2" : 1 }, "ns" : "PGRDG._terms", "name" : "LID" }, { "key" : { "1" : 1 }, "ns" : "PGRDG._terms", "name" : "NAMESPACE", "sparse" : true }, { "key" : { "6" : 1 }, "ns" : "PGRDG._terms", "name" : "GRAPH", "sparse" : true }, { "key" : { "30" : 1 }, "ns" : "PGRDG._terms", "name" : "LABEL", "sparse" : true } ] }